[{"value":"CS3","metadata":{"userType":0,"flags":1,"type":{"id":231,"type":"NVARCHAR","name":"NVarChar","hasCollation":true,"dataLengthLength":2,"maximumLength":4000},"colName":"DeviceID","collation":{"lcid":1033,"flags":208,"version":0,"sortId":52,"codepage":"CP1252"},"dataLength":500}},{"value":0.835001,"metadata":{"userType":0,"flags":1,"type":{"id":109,"type":"FLTN","name":"FloatN","dataLengthLength":1},"colName":"Power","dataLength":8}},{"value":1554994405,"metadata":{"userType":0,"flags":1,"type":{"id":38,"type":"INTN","name":"IntN","dataLengthLength":1},"colName":"Time","dataLength":4}}]